Sector,Data type,Description,Coverage,Source,Access
WUI,WUI areas,Global map of the 2020 WUI at 10?m resolution using a globally consistent and validated approach based on remote sensing-derived datasets of building area and wildland vegetation,Global,https://www.nature.com/articles/s41586-023-06320-0 ,Open
Economic ,Macroeconomic IO data,"Product by industry, product by product and further analysis tables derived from the annual Supply and Use Tables (SUTs).",UK,https://www.ons.gov.uk/economy/nationalaccounts/supplyandusetables/datasets/ukinputoutputanalyticaltablesdetailed,Open
Economic ,Economic activity (spatial),US economic census with industry outputs,US,https://www.census.gov/programs-surveys/economic-census/year/2022/news-updates/ecdata-releases.html,Open
Economic ,Macroeconomic IO data,"These data offer a comprehensive picture of the inner workings of the U.S. economy, showing production relationships among industries and commodities. Input-output data are updated each year and provide information on 71 industry categories. Detailed benchmark input-output statistics, produced roughly every five years, are further subdivided into 402 industries.",US,https://www.bea.gov/data/industries/input-output-accounts-data ,Open
Energy,Power networks,Global power lines and substations,Global,https://openinframap.org/,Open
Energy,Power plants,Global energy power plants with capacities,Global,https://datasets.wri.org/datasets/global-power-plant-database,Open
Energy,Electricity distribution,Various distribution network operator (DNO) lines and substations,UK,https://connecteddata.nationalgrid.co.uk/dataset/spatial-datasets,Available via request
Energy,Electricity Service areas,Boundaries and service areas of electricity operators,UK,https://www.neso.energy/data-portal/gis-boundaries-gb-dno-license-areas ,Open
Energy,Electricity transmission,National Grid and Scottish electrcity spatial data on overhead and underground transmission lines and substations,UK,https://www.nationalgrid.com/electricity-transmission/network-and-infrastructure/network-route-maps,Open
Energy,Energy (various datasets),"Portal of combined energy data on demand, power cut indicates, future planning",UK,https://connecteddata.nationalgrid.co.uk/dataset/ ,Open
Energy,Gas networks,Various datasets on locations and usgae of Gas takeoff points and network,UK,https://data.nationalgas.com/,Open
Energy,Electricity distribution,"Harmonized geospatial dataset for the electric distribution networks in the US Northeast, covering Connecticut, Maine, Massachusetts, New Hampshire, New York, Rhode Island, and Vermont ",US,https://www.nature.com/articles/s41597-025-06465-9,Open
Energy,Electricity transmission,Homeland Infrastructure Foundation-Level Data (HIFLD) overhead and underground transmission Lines from 69 kV up to 765 kV - stations makred at end of lines,US,https://www.arcgis.com/home/item.html?id=7759b0df07274f30a422e86dc11d4761#overview ,Open
Energy,Energy demand,"Form EIA-861, Annual Electric Power Industry Report, and Form EIA-861S (the shortform) collect data from distribution utilities and power marketers of electricity. This survey is a census of all United States electric utilities. ",US,https://www.eia.gov/electricity/data/eia861/,Open
Energy,Energy generation,"Monthly generation, fuel type, plant",US,https://www.eia.gov/opendata/,Open
Energy,Power plants,"This feature layer, utilizing data from the Energy Information Administration, depicts all operable electric generating plants by energy source in the United States. This layer is checked monthly for updates.",US,https://hub.arcgis.com/datasets/b063316fac7345dba4bae96eaa813b2f/explore?location=44.619558%2C-118.495999%2C3,Open
Population,Global gridded population,2015 - 20230 estimate of population at 100m gridded resolution,Global,https://www.worldpop.org/ ,Open
Population,Harmonised International Census Data for Social Science and Health Research,"With 1 billion+ records, spanning over 100 countries, IPUMS International is the world's largest collection of publicly available individual-level census and survey data.",Global,https://www.ipums.org/projects/ipums-international,Open
Population,Socio-economic indicators,Various socio-economic indicator the England and Wales at Ouput Area levels,UK,https://www.nomisweb.co.uk/sources/census_2021_bulk,Open
Population,"Census data for Social, economic and health",Microdata from US census and American Community Surveys (1850-present),US,https://www.ipums.org/projects/ipums-usa,Open
Population,Socio-economic indicators,"GIS mapping files contain geographical information, which are spatial data encoded into a file format. TIGER stands for the Topologically Integrated Geographic Encoding and Referencing system and represents the U.S. Census Bureau's geographic spatial data.",US,https://www.census.gov/geographies/mapping-files.html ,Open
Population ,Gridded data from NASA/SEDAC,"Provides global population projections at about 1-km resolution from 2010–2100, including urban, rural and total population under the five SSP scenarios",Global,https://data.nasa.gov/dataset/global-population-projection-grids-based-on-shared-socioeconomic-pathways-ssps-downsc-2010,Open
Population ,ONS (UK),Provides 2024-based national population projections and 2022-based subnational projections. Also a recent dataset also provides rescaled local-authority population estimates through 2050.,UK,https://www.ons.gov.uk/peoplepopulationandcommunity/populationandmigration/populationprojections ,Open
Transport,Airports,Global airport locations,Global,https://ourairports.com/data/,Open
Transport,All modes,"Data on road sections, railway lines, bridges, tunnels, rail stations, ports and airports",Global,https://www.openstreetmap.org,Open
Transport,Maritime ports,Global maritime port locations and trade shipping routes,Global,https://portwatch.imf.org/,Open
Transport,Aiport usage,"The CAA collects statistics from more than 60 UK Airports. Information is supplied on each individual air transport flight with other movements, for example Private or Aero Club, being reported as a block monthly total.",UK,https://www.data.gov.uk/dataset/d54a595c-0e08-43b0-b451-fab21005e31a/uk_airport_statistics ,Open
Transport,Origin-destination matrices,Origin-destination data show the movement of people from one location to another. They are also known as flow data.,UK,https://www.ons.gov.uk/census/aboutcensus/censusproducts/origindestinationflowdata,Open
Transport,Port usage,Various maritime statistics showing movement of passengers and freight along ports,UK,https://maps.dft.gov.uk/maritime-statistics/index.html ,Open
Transport,Rail network,"Railway model dataset in Shapefile format - Contains 4 layers: 1: Railway Links: sections of the railway at track level between nodes, showing the track centreline. Links terminate at buffer stops or switches / crossings; 2: Railway Nodes: points marking the ends of Railway Links. Can have between 1 and 4 connected Railway Links; 3: Railway Reference Lines: virtual lines which have been generated by creating a best fit between the main lines of each Engineer’s Line Reference (ELR) and as such are generalised and not a seamless linear feature.; 4: Network Waymarks: locations of mileposts. Full details in the Open Data Technical Specification.",UK,https://raildata.org.uk/dataProduct/P-d6c0c7ee-6743-4999-9b9e-d2dd39585bdb/overview,Open
Transport,Railway station usage,Annual estimates of the number of entries/exits and interchanges at each station in Great Britain. These estimates are based primarily on ticket sales. ,UK,https://dataportal.orr.gov.uk/statistics/usage/estimates-of-station-usage,Open
Transport,Railway timetables,"Timetable data consists of the train service timetable information provided by the train operating companies. The data includes general timetable information such as departure and arrival times for all stations at which a train calls on its journey (e.g. origin, intermediate and terminating)",UK,https://www.raildeliverygroup.com/our-services/essential-services/rail-data/timetable-data.html ,Available via request
Transport,Road network,"High-level view of the road network, from motorways to country lanes.",UK,https://osdatahub.os.uk/data/downloads/open/OpenRoads,Open
Transport,Road traffic,The Department for Transport collects traffic data to produce statistics on the level of traffic on roads in Great Britain.,UK,https://www.data.gov.uk/dataset/208c0e7b-353f-4e2d-8b7a-1a7118467acc/gb-road-traffic-counts,Open
Transport,Airline Origin-Destination,"Market-level data (by direction of travel) including carriers providing service, market fare, market origin and market destination for each itinerary. This table is related to the O&D Coupon and Segment files by the unique Market ID on each record. ",US,https://www.bts.gov/topics/airlines-and-airports/origin-and-destination-survey-data-market ,Open
Transport,Multi-modal transport spatial network and demand,"The NTAD is a collection of national geospatial datasets of modal and intermodal transportation facilities and networks; flows of people, goods, vehicles, and craft over the transportation networks across all modes; and social, economic, and environmental conditions that affect or are affected by the transportation networks. ",US,https://geodata.bts.gov/,Open
Transport,Port usage,The Port Performance Freight Statistics Program provides nationally consistent performance measures on capacity and throughput for the Nation’s seaports.,US,https://www.bts.gov/ports,Open
Transport,Railway freight patterns,Various freight datasets from the Federal Railroad administration,US,https://railroads.dot.gov/rail-network-development/freight-rail/data-resources ,Open
Transport,Road Origin-Destination,"MoveOD is a framework for synthesizing fine-grained origin-destination (OD) demand data for transportation cyber-physical systems. It combines GTFS-based fixed-line transit planning, on-demand mobility services, and OD demand estimation into a full-stack application with a FastAPI backend and React frontend.

The system integrates multiple data sources -- LODES (employment), INRIX (traffic), OpenStreetMap (buildings/POIs), and Census geographies -- and applies integer linear programming (ILP) calibration to produce building-level OD matrices suitable for digital twin simulations and transit planning.",US,https://github.com/scope-lab-vu/moveOD ,Open
Water,Water assets,"Reservoirs, pumping stations, treatment works, pipelines",Global,https://openinframap.org/ ,Open
Water,"Water usage, quality","Water companies released datasets on discharges, water quality, and other variables",UK,https://www.streamwaterdata.co.uk/pages/resources,Open
Water,Public water distribution areas,Public water systems (PWS) regulated by EPA and delegated states and tribes provide drinking water to around 85 percent of Americans. Public water system service areas describe the geographic extent of where drinking water is distributed by a particular public water system.,US,https://www.epa.gov/ground-water-and-drinking-water/public-water-system-service-areas,Open
Water,Water (various),"The WATERS GeoViewer tool is an EPA GeoPlatform based web mapping application that provides access to spatial data sets stored in WATERS, such as NHDPlus, EPA and Non-EPA Linked Data. Watershed level reports containing both NHDPlus and StreamCat information. Linked Data information, along with hyperlinks to web reports containing additional attribute information. Upstream / Downstream Search capabilities supporting Linked Data discovery. Watershed Delineation. EPA GeoPlatform items that can be used to create other mapping applications.",US,https://www.epa.gov/waterdata/waters-geoviewer,Open
